{
  "b0": {
    "rhat": 1.0066412500233055,
    "ess_bulk": 1069.4602691923078
  },
  "b1": {
    "rhat": 1.0016740330307605,
    "ess_bulk": 1884.8204330044744
  },
  "b2": {
    "rhat": 1.0128015103534347,
    "ess_bulk": 902.2349953722619
  },
  "b3": {
    "rhat": 1.0004277313610508,
    "ess_bulk": 3997.9691756672946
  },
  "sigma_a": {
    "rhat": 1.0021180296881267,
    "ess_bulk": 2097.793626784575
  },
  "sigma_g": {
    "rhat": 1.0008346884989556,
    "ess_bulk": 1736.3734556400975
  },
  "sigma_u": {
    "rhat": 1.0050514937796877,
    "ess_bulk": 1301.5162520409915
  }
}