{
  "timestamp": "2026-05-29 10:28",
  "recover_sample_kw": "preregistered (4 chains, 2000+2000)",
  "recover": {
    "h1_strong": {
      "params": {
        "b0": 0.4,
        "b1": 0.3,
        "b2": -0.4,
        "b3": -0.6,
        "sigma_a": 0.5,
        "sigma_g": 0.3,
        "sigma_u": 0.5
      },
      "recovery": {
        "b0": {
          "true": 0.4,
          "median": 0.25300900363774304,
          "ci": [
            -0.22349356101390094,
            0.7006126616030485
          ],
          "covered": true
        },
        "b1": {
          "true": 0.3,
          "median": 0.32946917726070046,
          "ci": [
            -0.05481101981809698,
            0.7063214743259274
          ],
          "covered": true
        },
        "b2": {
          "true": -0.4,
          "median": -0.637606255219408,
          "ci": [
            -0.9644081894961801,
            -0.30902640491546185
          ],
          "covered": true
        },
        "b3": {
          "true": -0.6,
          "median": -0.7056811241473273,
          "ci": [
            -0.8691464872760097,
            -0.5474720713398861
          ],
          "covered": true
        },
        "sigma_a": {
          "true": 0.5,
          "median": 0.34380516977279424,
          "ci": [
            0.16066180099194982,
            0.9780035919028062
          ],
          "covered": true
        },
        "sigma_g": {
          "true": 0.3,
          "median": 0.3383775466820598,
          "ci": [
            0.16186309688698375,
            0.8820412030972595
          ],
          "covered": true
        },
        "sigma_u": {
          "true": 0.5,
          "median": 0.45626161527094145,
          "ci": [
            0.33835121977372296,
            0.6160265636648424
          ],
          "covered": true
        }
      },
      "decision": {
        "p_h1": 0.97775,
        "p_b3_neg": 1.0,
        "p_b3_nonneg": 0.0,
        "b1_median": 0.32946917726070046,
        "b1_ci": [
          -0.05481101981809698,
          0.7063214743259274
        ],
        "b3_median": -0.7056811241473273,
        "b3_ci": [
          -0.8691464872760097,
          -0.5474720713398861
        ],
        "slope_low_median": 0.32946917726070046,
        "slope_high_median": -0.37416146721336274,
        "pp_drop_high_median": 40.04581061861617,
        "pp_drop_high_ci": [
          1.324137574982058,
          64.01391198577944
        ],
        "steps_min": -1.3499327761554618,
        "steps_max": 4.20917510061602,
        "rhat_max": 1.0,
        "ess_min": 1611.0,
        "converged": true,
        "verdict": "confirmed",
        "reasons": [
          "Pr(H1)=0.978>0.95; pp_drop=40.0>10; low-regime slope median=+0.329>=0"
        ]
      },
      "expected": "confirmed",
      "verdict_ok": true,
      "seconds": 112.3
    },
    "h1_boundary": {
      "params": {
        "b0": 0.4,
        "b1": 0.1,
        "b2": -0.4,
        "b3": -0.25,
        "sigma_a": 0.5,
        "sigma_g": 0.3,
        "sigma_u": 0.5
      },
      "recovery": {
        "b0": {
          "true": 0.4,
          "median": -0.4093702128487396,
          "ci": [
            -0.9188635496913066,
            0.10342752655953229
          ],
          "covered": false
        },
        "b1": {
          "true": 0.1,
          "median": 0.2675806634677065,
          "ci": [
            -0.034223223833548824,
            0.5704301774820382
          ],
          "covered": true
        },
        "b2": {
          "true": -0.4,
          "median": -0.28732759921526685,
          "ci": [
            -0.6195313640008733,
            0.0512718714529396
          ],
          "covered": true
        },
        "b3": {
          "true": -0.25,
          "median": -0.2980740792937502,
          "ci": [
            -0.45858208285626434,
            -0.14712839228928734
          ],
          "covered": true
        },
        "sigma_a": {
          "true": 0.5,
          "median": 0.43663630041261847,
          "ci": [
            0.2167206540525403,
            1.1243676174931423
          ],
          "covered": true
        },
        "sigma_g": {
          "true": 0.3,
          "median": 0.23224218873358266,
          "ci": [
            0.08850063912378807,
            0.6696286781273119
          ],
          "covered": true
        },
        "sigma_u": {
          "true": 0.5,
          "median": 0.47591418708497907,
          "ci": [
            0.35079342087515336,
            0.6392360059436419
          ],
          "covered": true
        }
      },
      "decision": {
        "p_h1": 0.600625,
        "p_b3_neg": 0.999875,
        "p_b3_nonneg": 0.000125,
        "b1_median": 0.2675806634677065,
        "b1_ci": [
          -0.034223223833548824,
          0.5704301774820382
        ],
        "b3_median": -0.2980740792937502,
        "b3_ci": [
          -0.45858208285626434,
          -0.14712839228928734
        ],
        "slope_low_median": 0.2675806634677065,
        "slope_high_median": -0.03022921457482368,
        "pp_drop_high_median": 3.371904398200515,
        "pp_drop_high_ci": [
          -31.9187855272307,
          31.764293985973143
        ],
        "steps_min": -1.3351558194157587,
        "steps_max": 3.8845056248955987,
        "rhat_max": 1.0,
        "ess_min": 2024.0,
        "converged": true,
        "verdict": "falsified",
        "reasons": [
          "Pr(b3<0)=1.000>0.95 but pp_drop=3.4<5 (directional but negligible)"
        ]
      },
      "expected": "confirmed",
      "verdict_ok": false,
      "seconds": 115.2
    },
    "null": {
      "params": {
        "b0": 0.4,
        "b1": 0.2,
        "b2": -0.4,
        "b3": 0.0,
        "sigma_a": 0.5,
        "sigma_g": 0.3,
        "sigma_u": 0.5
      },
      "recovery": {
        "b0": {
          "true": 0.4,
          "median": 0.23041205426893402,
          "ci": [
            -0.5589890092237892,
            1.008127362596194
          ],
          "covered": true
        },
        "b1": {
          "true": 0.2,
          "median": 0.13499020816625443,
          "ci": [
            -0.10473242725703132,
            0.3707850649607513
          ],
          "covered": true
        },
        "b2": {
          "true": -0.4,
          "median": -0.1548858453905476,
          "ci": [
            -0.5109460454717467,
            0.19607111172429229
          ],
          "covered": true
        },
        "b3": {
          "true": 0.0,
          "median": 0.13383097297587992,
          "ci": [
            -0.02353315131208407,
            0.28923937091879015
          ],
          "covered": true
        },
        "sigma_a": {
          "true": 0.5,
          "median": 0.7210439432291736,
          "ci": [
            0.3963251608642799,
            1.554153932935914
          ],
          "covered": true
        },
        "sigma_g": {
          "true": 0.3,
          "median": 0.16720906334700142,
          "ci": [
            0.02956736389131642,
            0.5635784563670445
          ],
          "covered": true
        },
        "sigma_u": {
          "true": 0.5,
          "median": 0.5127776819704246,
          "ci": [
            0.38749450732301477,
            0.6855342428996156
          ],
          "covered": true
        }
      },
      "decision": {
        "p_h1": 0.000875,
        "p_b3_neg": 0.0475,
        "p_b3_nonneg": 0.9525,
        "b1_median": 0.13499020816625443,
        "b1_ci": [
          -0.10473242725703132,
          0.3707850649607513
        ],
        "b3_median": 0.13383097297587992,
        "b3_ci": [
          -0.02353315131208407,
          0.28923937091879015
        ],
        "slope_low_median": 0.13499020816625443,
        "slope_high_median": 0.2687771065084321,
        "pp_drop_high_median": -30.238997133590136,
        "pp_drop_high_ci": [
          -52.55841726285491,
          -3.2363118216892546
        ],
        "steps_min": -1.364560507556491,