{
  "n_rows": 1890,
  "n_high": 1260,
  "n_low": 630,
  "n_models": 3,
  "models": [
    "llama3.1:8b",
    "mistral:7b-instruct",
    "qwen2.5:7b"
  ],
  "high_cbd_by_condition": {
    "C1": 0.71,
    "C2": 0.583,
    "C3": 0.583,
    "C4": 0.639,
    "C5": 0.583
  },
  "low_acc_by_condition": {
    "C1": 0.659,
    "C2": 0.706,
    "C3": 0.69,
    "C4": 0.667,
    "C5": 0.69
  },
  "n_items_high": 28,
  "n_drop": 21,
  "n_floor": 2,
  "n_ceiling": 3,
  "b1_median": -0.20841455325473562,
  "b1_ci": [
    -0.6231131747711243,
    0.24088744796582667
  ],
  "b3_median": 0.11504180369700723,
  "b3_ci": [
    -0.13943577256678288,
    0.36962361822807116
  ],
  "p_b3_neg": 0.189125,
  "slope_low_median": -0.20841455325473562,
  "slope_high_median": -0.09085448809414981,
  "pp_drop_registered_median": 9.734176449689457,
  "pp_drop_registered_ci": [
    -31.35562193408876,
    52.39020278367201
  ],
  "pp_drop_robust_median": 5.154826425255704,
  "pp_drop_robust_ci": [
    -18.40023817009569,
    27.047238263569966
  ],
  "p_full_reversal": 0.054375,
  "verdict_registered": "inconclusive",
  "verdict_amended": "inconclusive",
  "sigma_g_median": 0.16752158259973604,
  "sigma_g_ci": [
    0.008654533935853742,
    0.9799291926277351
  ],
  "per_model_slope_median": {
    "llama3.1:8b": -0.011,
    "mistral:7b-instruct": -0.04,
    "qwen2.5:7b": 0.056
  },
  "rhat_max": 1.01,
  "ess_min": 987.0,
  "converged": false,
  "trajectories": {
    "K1-001": {
      "traj": {
        "C1": 0.778,
        "C2": 0.667,
        "C3": 0.667,
        "C4": 0.889,
        "C5": 0.778
      },
      "direction": "flat",
      "mean_cbd": 0.756
    },
    "K1-002": {
      "traj": {
        "C1": 0.667,
        "C2": 0.667,
        "C3": 0.556,
        "C4": 0.556,
        "C5": 0.556
      },
      "direction": "drop",
      "mean_cbd": 0.6
    },
    "K1-003": {
      "traj": {
        "C1": 1.0,
        "C2": 0.889,
        "C3": 1.0,
        "C4": 1.0,
        "C5": 0.778
      },
      "direction": "drop",
      "mean_cbd": 0.933
    },
    "K1-004": {
      "traj": {
        "C1": 0.889,
        "C2": 0.556,
        "C3": 0.556,
        "C4": 0.778,
        "C5": 0.667
      },
      "direction": "drop",
      "mean_cbd": 0.689
    },
    "K1-006": {
      "traj": {
        "C1": 0.667,
        "C2": 0.778,
        "C3": 0.556,
        "C4": 0.667,
        "C5": 0.667
      },
      "direction": "flat",
      "mean_cbd": 0.667
    },
    "K1-007": {
      "traj": {
        "C1": 0.889,
        "C2": 0.778,
        "C3": 0.778,
        "C4": 0.778,
        "C5": 0.667
      },
      "direction": "drop",
      "mean_cbd": 0.778
    },
    "K1-008": {
      "traj": {
        "C1": 1.0,
        "C2": 0.889,
        "C3": 0.889,
        "C4": 0.778,
        "C5": 0.889
      },
      "direction": "drop",
      "mean_cbd": 0.889
    },
    "K1-009": {
      "traj": {
        "C1": 0.778,
        "C2": 0.556,
        "C3": 0.556,
        "C4": 0.778,
        "C5": 0.556
      },
      "direction": "drop",
      "mean_cbd": 0.644
    },
    "K1-010": {
      "traj": {
        "C1": 0.889,
        "C2": 0.556,
        "C3": 0.667,
        "C4": 0.667,
        "C5": 0.667
      },
      "direction": "drop",
      "mean_cbd": 0.689
    },
    "K1-011": {
      "traj": {
        "C1": 1.0,
        "C2": 0.889,
        "C3": 0.778,
        "C4": 1.0,
        "C5": 0.778
      },
      "direction": "drop",
      "mean_cbd": 0.889
    },
    "K1-012": {
      "traj": {
        "C1": 1.0,
        "C2": 0.889,
        "C3": 0.889,
        "C4": 0.889,
        "C5": 0.889
      },
      "direction": "drop",
      "mean_cbd": 0.911
    },
    "K1-013": {
      "traj": {
        "C1": 0.889,
        "C2": 0.889,
        "C3": 0.889,
        "C4": 0.778,
        "C5": 0.889
      },
      "direction": "flat",
      "mean_cbd": 0.867
    },
    "K1-014": {
      "traj": {
        "C1": 0.667,
        "C2": 0.667,
        "C3": 0.667,
        "C4": 0.556,
        "C5": 0.667
      },
      "direction": "flat",
      "mean_cbd": 0.644
    },
    "K1-015": {
      "traj": {
        "C1": 0.778,
        "C2": 0.556,
        "C3": 0.667,
        "C4": 0.667,
        "C5": 0.667
      },
      "direction": "drop",
      "mean_cbd": 0.667
    },
    "K1-016": {
      "traj": {
        "C1": 0.889,
        "C2": 0.778,
        "C3": 0.778,
        "C4": 0.778,
        "C5": 0.778
      },
      "direction": "drop",
      "mean_cbd": 0.8
    },
    "K1-017": {
      "traj": {
        "C1": 0.889,
        "C2": 0.778,
        "C3": 0.556,
        "C4": 0.778,
        "C5": 0.444
      },
      "direction": "drop",
      "mean_cbd": 0.689
    },
    "K1-018": {
      "traj": {
        "C1": 0.778,
        "C2": 0.667,
        "C3": 0.667,
        "C4": 0.778,
        "C5": 1.0
      },
      "direction": "rise",
      "mean_cbd": 0.778
    },
    "K1-019": {
      "traj": {
        "C1": 1.0,
        "C2": 0.889,
        "C3": 1.0,
        "C4": 0.889,
        "C5": 0.889
      },
      "direction": "drop",
      "mean_cbd": 0.933
    },
    "K1-020": {
      "traj": {
        "C1": 0.667,
        "C2": 0.778,
        "C3": 0.667,
        "C4": 0.667,
        "C5": 0.667
      },
      "direction": "flat",
      "mean_cbd": 0.689
    },
    "K2-003": {
      "traj": {
        "C1": 0.556,
        "C2": 0.333,
        "C3": 0.222,
        "C4": 0.444,
        "C5": 0.333
      },
      "direction": "drop",
      "mean_cbd": 0.378
    },
    "K2-005": {
      "traj": {
        "C1": 0.333,
        "C2": 0.0,
        "C3": 0.0,
        "C4": 0.111,
        "C5": 0.0
      },
      "direction": "drop",
      "mean_cbd": 0.089
    },
    "K2-006": {
      "traj": {
        "C1": 0.0,
        "C2": 0.111,
        "C3": 0.333,
        "C4": 0.111,
        "C5": 0.222
      },
      "direction": "rise",
      "mean_cbd": 0.156
    },
    "K2-008": {
      "traj": {
        "C1": 0.222,
        "C2": 0.333,
        "C3": 0.333,
        "C4": 0.556,
        "C5": 0.111
      },
      "direction": "drop",
      "mean_cbd": 0.311
    },
    "K2-012": {
      "traj": {
        "C1": 0.556,
        "C2": 0.333,
        "C3": 0.222,
        "C4": 0.556,
        "C5": 0.444
      },
      "direction": "drop",
      "mean_cbd": 0.422
    },
    "K2-015": {
      "traj": {
        "C1": 0.444,
        "C2": 0.333,
        "C3": 0.222,
        "C4": 0.444,
        "C5": 0.222
      },
      "direction": "drop",
      "mean_cbd": 0.333
    },
    "K2-016": {
      "traj": {
        "C1": 0.778,
        "C2": 0.333,
        "C3": 0.778,
        "C4": 0.778,
        "C5": 0.556
      },
      "direction": "drop",
      "mean_cbd": 0.644
    },
    "K4-002": {
      "traj": {
        "C1": 0.222,
        "C2": 0.0,
        "C3": 0.0,
        "C4": 0.111,
        "C5": 0.0
      },
      "direction": "drop",
      "mean_cbd": 0.067
    },
    "K4-003": {
      "traj": {
        "C1": 0.667,
        "C2": 0.444,
        "C3": 0.444,
        "C4": 0.111,
        "C5": 0.556
      },
      "direction": "drop",
      "mean_cbd": 0.444
    }
  }
}