{
  "n_cells": 672,
  "models": {
    "claude-sonnet-4-5-20250929": {
      "high_by_cond": {
        "C1": 0.464,
        "C2": 0.375,
        "C3": 0.393,
        "C4": 0.304
      },
      "low_by_cond": {
        "C1": 1.0,
        "C2": 1.0,
        "C3": 1.0,
        "C4": 1.0
      },
      "high_short": 0.4642857142857143,
      "high_long": 0.35714285714285715,
      "high_drop": 0.10714285714285715,
      "high_drop_ci": [
        -0.01785714285714285,
        0.23809523809523808
      ],
      "low_short": 1.0,
      "low_long": 1.0,
      "low_drop": 0.0,
      "did": 0.10718571428571429,
      "did_ci": [
        -0.023809523809523725,
        0.23214285714285715
      ],
      "n_floor": 9,
      "n_ceil": 4,
      "high_steps": {
        "C1": 4.7,
        "C2": 4.0,
        "C3": 3.8,
        "C4": 6.3
      }
    },
    "gpt-4o-2024-11-20": {
      "high_by_cond": {
        "C1": 0.786,
        "C2": 0.768,
        "C3": 0.643,
        "C4": 0.643
      },
      "low_by_cond": {
        "C1": 1.0,
        "C2": 0.964,
        "C3": 1.0,
        "C4": 1.0
      },
      "high_short": 0.7857142857142857,
      "high_long": 0.6845238095238095,
      "high_drop": 0.10119047619047616,
      "high_drop_ci": [
        0.005952380952380931,
        0.20833333333333337
      ],
      "low_short": 1.0,
      "low_long": 0.9880952380952381,
      "low_drop": 0.011904761904761862,
      "did": 0.08939047619047619,
      "did_ci": [
        -0.005952380952380931,
        0.20238095238095233
      ],
      "n_floor": 3,
      "n_ceil": 16,
      "high_steps": {
        "C1": 0.0,
        "C2": 3.3,
        "C3": 12.7,
        "C4": 19.4
      }
    }
  },
  "pooled": {
    "high_drop": 0.10416666666666663,
    "high_drop_ci": [
      0.02083333333333337,
      0.1875
    ],
    "low_drop": 0.005952380952380931,
    "did": 0.09753988095238098,
    "did_ci": [
      0.01778273809523806,
      0.18154761904761907
    ],
    "high_short": 0.625,
    "high_long": 0.5208333333333334
  }
}